"氏名","ふりがな","氏名ふりがな"
"河野浅吉","こうのあさきち","河野浅吉（こうのあさきち）"
"寺田晃","てらだあきら","寺田晃（てらだあきら）"
"掛川暁生","かけがわあきお","掛川暁生（かけがわあきお）"
"河野純之佐","こうのじゅんしさ","河野純之佐（こうのじゅんしさ）"
"大場功一","おおばこういち","大場功一（おおばこういち）"
"成澤敬","なりさわたかし","成澤敬（なりさわたかし）"
"水島武久","みずしまたけひさ","水島武久（みずしまたけひさ）"
"飯田つね子","いいだつねこ","飯田つね子（いいだつねこ）"
"小高明","おだかめい","小高明（おだかめい）"
"佐藤仁","さとうひとし","佐藤仁（さとうひとし）"
"杉山光男","すぎやまみつお","杉山光男（すぎやまみつお）"
"伊藤栄晴","いとうさかえせい","伊藤栄晴（いとうさかえせい）"
"中嶋恵","なかじまめぐみ","中嶋恵（なかじまめぐみ）"
"寺井康芳","てらいやすよし","寺井康芳（てらいやすよし）"
"大和田功","おおわだこう","大和田功（おおわだこう）"
"中山寛進","なかやまひろしすすむ","中山寛進（なかやまひろしすすむ）"
"鈴木幸雄","すずきゆきお","鈴木幸雄（すずきゆきお）"
"河井一晃","かわいかずあき","河井一晃（かわいかずあき）"
"橋詰高志","はしづめたかし","橋詰高志（はしづめたかし）"
"石塚猛","いしづかたけし","石塚猛（いしづかたけし）"
"鈴木純","すずきじゅん","鈴木純（すずきじゅん）"
"河原啓介","かわらけいすけ","河原啓介（かわらけいすけ）"
"小玉高毅","こだまたかつよし","小玉高毅（こだまたかつよし）"
"望月元美","もちづきもとみ","望月元美（もちづきもとみ）"
"岡田勇一郎","おかだゆういちろう","岡田勇一郎（おかだゆういちろう）"
"手塚雄二","てづかゆうじ","手塚雄二（てづかゆうじ）"
"吉住弘","よしずみひろし","吉住弘（よしずみひろし）"
"田中伸宏","たなかのぶひろ","田中伸宏（たなかのぶひろ）"
"松村智成","まつむらちせい","松村智成（まつむらちせい）"
"村上浩一郎","むらかみこういちろう","村上浩一郎（むらかみこういちろう）"
"小菅千保子","こすげせんやすこ","小菅千保子（こすげせんやすこ）"
"伊藤萬太郎","いとうまんたろう","伊藤萬太郎（いとうまんたろう）"
"本目さよ","ほんめさよ","本目さよ（ほんめさよ）"
"田口治喜","たぐちおさむき","田口治喜（たぐちおさむき）"
"佐藤武","さとうたけし","佐藤武（さとうたけし）"
"石川義弘","いしかわよしひろ","石川義弘（いしかわよしひろ）"
"藤平一雄","ふじひらかずお","藤平一雄（ふじひらかずお）"
"田口伸宏","たぐちのぶひろ","田口伸宏（たぐちのぶひろ）"
"服部征夫","はっとりいくお","服部征夫（はっとりいくお）"
"池田富保","いけだとみやす","池田富保（いけだとみやす）"
"伊藤延子","いとうのぶこ","伊藤延子（いとうのぶこ）"
"上野俊一","うえのとしかず","上野俊一（うえのとしかず）"
"寺田　晃","てらだ　あきら","寺田　晃（てらだ　あきら）"
"阿部光利","あべみつとし","阿部光利（あべみつとし）"
"杉山全良","すぎやまぜんりょう","杉山全良（すぎやまぜんりょう）"
"清水恒一郎","しみずこういちろう","清水恒一郎（しみずこういちろう）"
"伊藤友子","いとうともこ","伊藤友子（いとうともこ）"
"堀越秀生","ほりこしひでお","堀越秀生（ほりこしひでお）"
"池田清江","いけだきよえ","池田清江（いけだきよえ）"
"鈴木昇","すずきのぼる","鈴木昇（すずきのぼる）"
"持田敏行","もちだとしゆき","持田敏行（もちだとしゆき）"
"秋間洋","あきまひろし","秋間洋（あきまひろし）"
"堀江達也","ほりえたつや","堀江達也（ほりえたつや）"
"拝野健","はいのたけし","拝野健（はいのたけし）"
"麻生昭","あそうあきら","麻生昭（あそうあきら）"
"木下悦希","きのしたえつまれ","木下悦希（きのしたえつまれ）"
"堂村勇一","どうむらゆういち","堂村勇一（どうむらゆういち）"
"水島道徳","みずしまどうとく","水島道徳（みずしまどうとく）"
"和泉浩司","いずみこうじ","和泉浩司（いずみこうじ）"
"足立守夫","あだちもりお","足立守夫（あだちもりお）"
"目崎平吉","めさきへいきち","目崎平吉（めさきへいきち）"
"君塚裕史","きみづかひろし","君塚裕史（きみづかひろし）"
"青柳雅之","あおやぎまさゆき","青柳雅之（あおやぎまさゆき）"
"伊藤征輝","いとうせいてる","伊藤征輝（いとうせいてる）"
"鈴木茂","すずきしげる","鈴木茂（すずきしげる）"
"中澤史夫","なかざわふみお","中澤史夫（なかざわふみお）"
"木村肇","きむらはじめ","木村肇（きむらはじめ）"
"小坂義久","こさかよしひさ","小坂義久（こさかよしひさ）"
"太田雅久","おおたまさひさ","太田雅久（おおたまさひさ）"
"富永龍司","とみながたつじ","富永龍司（とみながたつじ）"
"稲垣晃司","いながきこうじ","稲垣晃司（いながきこうじ）"
"前田烈","まえだれつ","前田烈（まえだれつ）"
"高森喜美子","たかもりきみこ","高森喜美子（たかもりきみこ）"
"熊木壽夫","くまきとしお","熊木壽夫（くまきとしお）"
"田口浩喜","たぐちひろき","田口浩喜（たぐちひろき）"
"金田功","かねだこう","金田功（かねだこう）"
"山口銀次郎","やまぐちぎんじろう","山口銀次郎（やまぐちぎんじろう）"
"鈴木登喜寿","すずきときひさし","鈴木登喜寿（すずきときひさし）"
"鈴木昭司","すずきしょうじ","鈴木昭司（すずきしょうじ）"
"高柳良夫","たかやなぎよしお","高柳良夫（たかやなぎよしお）"
"関根博之","せきねひろゆき","関根博之（せきねひろゆき）"
"田中宏篤","たなかひろしあつし","田中宏篤（たなかひろしあつし）"
"東本竹治","ひがしもとたけじ","東本竹治（ひがしもとたけじ）"
"実川利隆","じつかわとしたか","実川利隆（じつかわとしたか）"
"中村謙治郎","なかむらけんじろう","中村謙治郎（なかむらけんじろう）"
"冨永龍司","とみながたつじ","冨永龍司（とみながたつじ）"
"掘越秀生","くつえつしゅうなま","掘越秀生（くつえつしゅうなま）"
"松尾伸子","まつおのぶこ","松尾伸子（まつおのぶこ）"
"茂木孝孔","もてぎたかしあな","茂木孝孔（もてぎたかしあな）"
"西村晴","にしむらせい","西村晴（にしむらせい）"
"鈴木一郎","すずきいちろう","鈴木一郎（すずきいちろう）"
"小島智史","こじまさとし","小島智史（こじまさとし）"
"東久仁子","ひがしくにこ","東久仁子（ひがしくにこ）"
"小菅康雄","こすげやすお","小菅康雄（こすげやすお）"
"青鹿公男","あおしかきみお","青鹿公男（あおしかきみお）"
"五十川チトセ","いそがわちとせ","五十川チトセ（いそがわちとせ）"
"川村安久","かわむらあく","川村安久（かわむらあく）"
"小管康雄","こすがやすお","小管康雄（こすがやすお）"
"中村明彦","なかむらあきひこ","中村明彦（なかむらあきひこ）"
"保坂真宏","ほさかまさひろ","保坂真宏（ほさかまさひろ）"
"早川太郎","はやかわたろう","早川太郎（はやかわたろう）"
